baslik;fiyat;no;tarih;m2net;m2burut;odasayisi;binayasi;bulundugukat;katsayisi;isitma;banyo;balkon;site;siteadi;kredi;kimden;konum;aciklama;il;ilce;mahalle
"TÜRKER DEN KÝRACILI SATILIK";"150.000 TL";697572308;"03 Haziran 2019";65;70;2+0;3;"Zemin Kat";3;"Doðalgaz (Kombi)";1;Var;Hayýr;;Evet;"Emlak Ofisinden";38.381029060294644,27.178470566868782;"<p>Buca kuruçeþme de 2+0 DOÐALGAZLI 1000 TL KÝRACILI GÝRÝÞ KATI DAÝRE DAÝREMÝZ ÖGRENCÝ YURTLARI YANINDA 70 METREKARE UYGUN <u>FÝ</u>YATLIDIR</p>";Ýzmir;Buca;"Atatürk Mh."
"Þirinyer Vergi Dairesi Saadet Emir Sokaðý Otoparklý 3+1 140 m2";"275.000 TL";627649136;"03 Haziran 2019";140;140;3+1;"21-25 arasý";4;4;"Doðalgaz (Kombi)";1;Var;Hayýr;;Evet;Sahibinden;38.39355237968398,27.157119760035357;"<p><font size=""3"" color=""#ff0000""><b>Dairemiz 3+1 140 m2  oldukça geniþ ve kullanýþlýdýr sokak cephesi güney cepheye bakmaktadýr daireye özel otoparký mevcuttur doðalgazlýdýr yerler laminat ve çelik kapý mevcuttur dairemizin iç yapýsý Klasik tip yapýdan oluþmaktadýr dairemzin çatýsý izolasyonlu kiremit altý membran osb döþelidir komple bu sene yenilenmiþtir kesinlikle ça</b><span><b>tý su alma sorunu yoktur  Konum olarak Þirinyer iþçievleri lambalarýndan dönüldüðünde saðdan 3. sokaktýr Þirinyerin merkezi konumundadýr ulaþým alýþveriþ pazar yeri 5 dk dýr  </b></span></font></p>";Ýzmir;Buca;"Yiðitler Mh."
"Kozaðaç Mh. Satýlýk 2+0 Daire";"185.000 TL";697549050;"03 Haziran 2019";60;70;2+0;;"Giriþ Katý";4;"Doðalgaz (Kombi)";1;Var;Hayýr;;Evet;Sahibinden;38.3788919,27.1711422;"<p>Buca merkeze yakýn, sýfýr daire satýlýktýr. Konut kredisi çekilerek alýndý fakat, maddi durumlar sebebi ile satmak zorundayým. Ev, eþyalý olarak verilecektir. Muhit olarak Buca nýn en güzel semtlerinden biridir. Maddi durum problemi olmasaydý satmayý düþünmüyordum. <span style=""color: rgb(0, 0, 0);font-size: 14px;background-color: rgb(255, 255, 255);float: none;"">Mutfakta bir balkon mevcut. Diðer iki odada,  bir daire ile ortak kullanýmlý bahçe alan mevcuttur. </span><br /><br /></p><p><br /></p><p><br /></p>";Ýzmir;Buca;"Kozaðaç Mh."
"Hürriyette kaçýrýlmayacak daire";"230.000 TL";697553730;"03 Haziran 2019";110;110;2+1;"5-10 arasý";3;3;"Doðalgaz (Kombi)";1;Var;Hayýr;;Evet;Sahibinden;38.395151,27.1412401;"<p>110 m2 doðal gazlý 2 adat balkon 2+1, wc 2 adet, 3 katlý binanýn 3.katý açýk çatý mebran ve taþ döþeli sýfýr sýkýntý.kilerde vardýr. Piyasa ya göre fiyat süper. P. Payý vardýr. Doðru orantýlar da.</p>";Ýzmir;Buca;"Hürriyet Mh."
"Sahibinden sýfýr lüx daire";"330.000 TL";697545959;"03 Haziran 2019";90;100;2+1;;4;4;"Doðalgaz (Kombi)";1;Var;Hayýr;;Evet;Sahibinden;38.375832344265106,27.167768217623234;"<p>Dairemiz buca Yenigün Mahallesinde sýfýr lüx daire dir. fotoðraflar da da görüldüðü gibi bir kaç haftaya kadar petek,kombi, laminat parke gibi tamamlanýp anahtar teslim hale gelecektir.avizenizi takip gecilebilecektir.Binamiza ulaþým sýkýntýsýz durak hemen binanýn önündedir. Bilindiði gibi buca nýn en nezih temiz mahallelerindendir.Her katta spor salonu olacaktýr. </p>";Ýzmir;Buca;"Yenigün Mh."
"ÞÝRÝNYER HÜRRÝYET MH.SÝNDE SATILIK 3+1 LÜX ARAKAT DAÝRE";"385.000 TL";689639617;"03 Haziran 2019";100;110;3+1;2;2;4;"Doðalgaz (Kombi)";1;Var;Hayýr;;Evet;"Emlak Ofisinden";38.39870667116782,27.147622498702958;"<p></p><p></p><p><br /></p><p><br /></p><p style=""font-size: 14px;color: rgb(0, 0, 0);background-color: rgb(255, 255, 255);text-align: center;""><b><i><font size=""5"">HÜRRÝYET  MAHALLESÝ&apos;NDE </font></i></b></p><p style=""font-size: 14px;color: rgb(0, 0, 0);background-color: rgb(255, 255, 255);text-align: center;""><b><i><font size=""5"">3+1  NET KULLANIM 100M2 ULTRALÜX </font></i></b></p><p style=""font-size: 14px;color: rgb(0, 0, 0);background-color: rgb(255, 255, 255);text-align: center;""><b><i><font size=""5"">D.GAZLI</font></i></b></p><p style=""font-size: 14px;color: rgb(0, 0, 0);background-color: rgb(255, 255, 255);text-align: center;""><b><i><font size=""5"">K.MUTFAK </font></i></b></p><p style=""font-size: 14px;color: rgb(0, 0, 0);background-color: rgb(255, 255, 255);text-align: center;""><b><i><font size=""5"">KAPALI OTAPARKA SAHÝPTÝR</font></i></b></p><p style=""font-size: 14px;color: rgb(0, 0, 0);background-color: rgb(255, 255, 255);text-align: center;""><b><i><font size=""5"">BANKAYA,ÝLK VE ORTA ÖGRETÝME,UCAN YOLA,SEMT PAZARINA TOPLU ULAÞIMA 5 DK MESAFEDEDÝR.</font></i></b></p><p style=""font-size: 14px;color: rgb(0, 0, 0);background-color: rgb(255, 255, 255);text-align: center;""><b><i><font size=""5"">TAMAMEN BÝRÝNCÝ SINIF MALZEME VE ÝÞÇÝLÝK </font></i></b></p><p style=""font-size: 14px;color: rgb(0, 0, 0);background-color: rgb(255, 255, 255);text-align: center;""><b><i><font size=""5"">DEPREM YÖNETMELÝÐÝNE VE KONUT KREDÝSÝNE UYGUN <br /><br />4 KATLI BÝNANIN 2 KATIDIR <br /><br />BÝNA SIFIR OLUP BÝNA ÝCERÝSÝNE DOGALGAZ PETEKLERÝ BAGLANMAMIÞTIR.</font></i></b></p><div style=""color: rgb(0, 0, 0);font-size: 14px;background-color: rgb(255, 255, 255);text-align: center;""><br />";Ýzmir;Buca;"Hürriyet Mh."
"Þirinyer de Merkezi Lüx 3+1 Daire";"545.000 TL";697542769;"03 Haziran 2019";125;140;3+1;1;3;3;"Doðalgaz (Kombi)";2;Var;Hayýr;;Evet;Sahibinden;38.39017497298677,27.157762572169304;"Evimiz þirinyer Menderes caddesindeki Koton. Maðazasýnýn  2 arka sokaðýnda 3+1 olup, Doðalgazlýdýr. K<br />1 yýllýk bina olup Asansörlüdür. 3 Cephe lidir. <br />Ebevyn banyoludur. Salon ve yatakodasýnda General Marka klima mevcuttur. Kileri mevcuttur, binanýn hem kapalý hemde açýk otoparký mevcuttur. Binamýz 3 katlý olup dairemiz 3. kattadýr ve bina çatýlýdýr.<br />Evimizin tamamý otomotik panjurludur.";Ýzmir;Buca;"Efeler Mah."
"Sahibinden acil";"179.000 TL";697542728;"03 Haziran 2019";75;80;2+1;"5-10 arasý";"Kot 1";5;"Doðalgaz (Kombi)";1;Var;Hayýr;;Evet;Sahibinden;38.37111628789639,27.190276645123962;"<p>sahibinden balkonlu <u>doðalgazlý</u> açýk mutfak,çelik kapýlý odalar laminat parke li,<u>kot</u> dairedir ancak ara kattýr ayný zamanda.ulaþým sorunu olmayan Týnaztepe hastanesine ve kampüse yürüme mesafesindedir.</p>";Ýzmir;Buca;"Kuruçeþme Mh."
"Buca Þirinyer Hürriyet Mh.Satýlýk 2+1 70 m2 Sýfýr Arakat Daire";"205.000 TL";599624668;"03 Haziran 2019";65;70;2+1;;2;4;"Doðalgaz (Kombi)";1;Var;Hayýr;;Evet;"Emlak Ofisinden";38.39884080921061,27.14830377979274;"<b><strong style=""color: rgb(230, 0, 0);""><u><font size=""6"">TURYAP ÞÝRÝNYER TEMSÝLCÝLÝÐÝ&apos;NDEN SATILIK</font></u></strong></b><p style=""text-align: center;color: rgb(81, 81, 81);font-size: 11px;""><br /></p><b><span style=""color: rgb(68, 68, 68);""><font size=""5"">BUCA ÞÝRÝNYER HÜRRÝYET MAHALLESÝNDE 2 ODA, 1 SALON, DOÐALGAZLI, AYDINLIK, FERAH, SIFIR ARAKAT DAÝRE.</font></span></b><font size=""5""><b><span style=""color: rgb(68, 68, 68);"">DAÝREMÝZ KONUM OLARAK ÞÝRÝNYER METRO ÝSTASYONU, SEMT PAZARI, ALIÞVERÝÞ MERKEZLERÝ VE OTOBÜS DURAKLARINA YÜRÜYÜÞ MESAFESÝNDEDÝR.</span></b><br /></font><font size=""5""><b><span style=""color: rgb(230, 0, 0);"">DAÝREDE HERHANGÝ BÝR KREDÝ KISITLAMASI BULUNMAMAKTADIR.</span></b><br /></font><font size=""5""><b><span style=""color: rgb(68, 68, 68);"">AYRINTILI BÝLGÝ VE ALTERNATÝF SEÇENEKLERÝMÝZ ÝÇÝN LÜTFEN GAYRÝMENKUL DANIÞMANLARIMIZ ÝLE ÝRTÝBATA GEÇÝNÝZ.</span></b><br /></font><b><font size=""5""><br /></font></b><span style=""color: rgb(230, 0, 0);""><em><u><b><font size=""6"">DAÝRENÝN SATIÞINDA TEK YETKÝLÝ;</font></b></u></em></span><b><font size=""6""><br /></font></b><span style=""color: rgb(230, 0, 0);""><em><u><b><font size=""6"">TURYAP ÞÝRÝNYER TEMSÝLCÝLÝÐÝ&apos;DÝR.</font></b></u></em></span><p><b><font size=""6""><br /></font></b></p><p><br /></p>";Ýzmir;Buca;"Hürriyet Mh."
"Site Ýçinde Havuzlu, Kapalý ve Açýk Otoparklý Daire";"540.000 TL";666028187;"03 Haziran 2019";124;156;3+1;;5;11;"Merkezi (Pay Ölçer)";2;Var;;"Lidya Concept";Evet;"Ýnþaat Firmasýndan";38.36846314145508,27.16960249633789;"<p><br /><br /><span style=""color: rgb(104, 108, 118);font-size: 14px;background-color: rgb(255, 255, 255);float: none;"">BUCA ÇAMLIKULE&apos; DE YENÝ BÝR YAÞAM BAÞLIYOR.</span><br style=""color: rgb(104, 108, 118);font-size: 14px;background-color: rgb(255, 255, 255);"" /><br style=""color: rgb(104, 108, 118);font-size: 14px;background-color: rgb(255, 255, 255);"" /><span style=""color: rgb(104, 108, 118);font-size: 14px;background-color: rgb(255, 255, 255);float: none;"">EVLER; ÝÇÝNDE OTURULSUN DÝYE YAPILIR, KARÞIDAN SEYREDÝLSÝN DÝYE DEÐÝL. BU SEBEPLE RAHATLIÐI, YAÞANABÝLÝRLÝÐÝ VE KALÝTEYÝ SÝZLERLE BULUÞTURMAK ÝÇÝN LÝDYA EVLERÝNÝ HUZURLARINIZA SUNUYORUZ.</span><br style=""color: rgb(104, 108, 118);font-size: 14px;background-color: rgb(255, 255, 255);"" /><br style=""color: rgb(104, 108, 118);font-size: 14px;background-color: rgb(255, 255, 255);"" /><span style=""color: rgb(104, 108, 118);font-size: 14px;background-color: rgb(255, 255, 255);float: none;"">DÜÞÜNDÜÐÜNÜZ, HAYALÝNÝ KURDUÐUNUZ EVLERÝ GEZMEK ÝSTERSENÝZ SÝZLERE BÝR TELEFON KADAR YAKINIZ.</span><br style=""color: rgb(104, 108, 118);font-size: 14px;background-color: rgb(255, 255, 255);"" /><br style=""color: rgb(104, 108, 118);font-size: 14px;background-color: rgb(255, 255, 255);"" /><span style=""color: rgb(104, 108, 118);font-size: 14px;background-color: rgb(255, 255, 255);float: none;"">GAYRÝMENKULÜN ÖZELLÝKLERÝ</span><br style=""color: rgb(104, 108, 118);font-size: 14px;background-color: rgb(255, 255, 255);"" /><br style=""color: rgb(104, 108, 118);font-size: 14px;background-color: rgb(255, 255, 255);"" /><span style=""color: rgb(104, 108, 118);font-size: 14px;background-color: rgb(255, 255, 255);float: none;"">1) Oda Sayýsý: 3 + 1, Ebeveyn banyolu</span><br style=""color: rgb(104, 108, 118);font-size: 14px;background-color: rgb(255, 255, 255);"" /><br style=""color: rgb(104, 108, 118);font-size: 14px;background-color: rgb(255, 255, 255);"" /><span style=""color: rgb(104, 108, 118);font-size: 14px;background-color: rgb(255, 255, 255);float: none;"">2) Daire Brüt Alaný: 156 m2</span><br style=""color: rgb(104, 108, 118);font-size: 14px;background-color: rgb(255, 255, 255);"" /><br style=""color: rgb(104, 108, 118);font-size: 14px;background-color: rgb(255, 255, 255);"" /><span style=""color: rgb(104, 108, 118);font-size: 14px;background-color: rgb(255, 255, 255);float: none;"">- Daire Net Kullaným Alaný: 124 m2</span><br style=""color: rgb(104, 108, 118);font-size: 14px;background-color: rgb(255, 255, 255);"" /><br style=""color: rgb(104, 108, 118);font-size: 14px;background-color: rgb(255, 255, 255);"" /><span style=""color: rgb(104, 108, 118);font-size: 14px;background-color: rgb(255, 255, 255);float: none;"">- Salon: 32 m2 - Mutfak: 14 m2 - Yatak Odasý: 18 m2 - Çocuk odasý: 11 m2 - Oturma odasý: 15 m2</span><br style=""color: rgb(104, 108, 118);font-size: 14px;background-color: rgb(255, 255, 255);"" /><br style=""color: rgb(104, 108, 118);font-size: 14px;background-color: rgb(255, 255, 255);"" /><span style=""color: rgb(104, 108, 118);font-size: 14px;background-color: rgb(255, 255, 255);float: none;"">- Genel Banyo: 7 m2 - Ebeveyn Banyosu: 4 m2 - Balkon 1: 9 m2 - Balkon 2: 2 m2 - Hol: 14 m2</span><br style=""color: rgb(104, 108, 118);font-size: 14px;background-color: rgb(255, 255, 255);"" /><br style=""color: rgb(104, 108, 118);font-size: 14px;background-color: rgb(255, 255, 255);"" /><span style=""color: rgb(104, 108, 118);font-size: 14px;background-color: rgb(255, 255, 255);float: none;"">3) Daire Tipi: Site içinde apartman dairesidir.</span><br style=""color: rgb(104, 108, 118);font-size: 14px;background-color: rgb(255, 255, 255);"" /><br style=""color: rgb(104, 108, 118);font-size: 14px;background-color: rgb(255, 255, 255);"" /><span style=""color: rgb(104, 108, 118);font-size: 14px;background-color: rgb(255, 255, 255);float: none;"">- 11 katlý binanýn 5. katýndadýr.</span><br style=""color: rgb(104, 108, 118);font-size: 14px;background-color: rgb(255, 255, 255);"" /><br style=""color: rgb(104, 108, 118);font-size: 14px;background-color: rgb(255, 255, 255);"" /><span style=""color: rgb(104, 108, 118);font-size: 14px;background-color: rgb(255, 255, 255);float: none;"">- Her katta 2 daireden toplam 21 adet daire vardýr.</span><br style=""color: rgb(104, 108, 118);font-size: 14px;background-color: rgb(255, 255, 255);"" /><br style=""color: rgb(104, 108, 118);font-size: 14px;background-color: rgb(255, 255, 255);"" /><span style=""color: rgb(104, 108, 118);font-size: 14px;background-color: rgb(255, 255, 255);float: none;"">4) Daire Özellikleri: Merkezi sistem doðalgaz aktif kullanýlmaktadýr. Mutfakta 3&apos;lü ankastre set vardýr. Tüm pencerelerde elektrikli panjur vardýr.</span><br style=""color: rgb(104, 108, 118);font-size: 14px;background-color: rgb(255, 255, 255);"" /><br style=""color: rgb(104, 108, 118);font-size: 14px;background-color: rgb(255, 255, 255);"" /><span style=""color: rgb(104, 108, 118);font-size: 14px;background-color: rgb(255, 255, 255);float: none;"">Bina Özellikleri: Açýk Otopark, Çift Asansör, 7/24 Güvenlik, Çocuk Oyun Parký, Spor Salonu, Yangýn Merdiveni</span><br style=""color: rgb(104, 108, 118);font-size: 14px;background-color: rgb(255, 255, 255);"" /><br style=""color: rgb(104, 108, 118);font-size: 14px;background-color: rgb(255, 255, 255);"" /><span style=""color: rgb(104, 108, 118);font-size: 14px;background-color: rgb(255, 255, 255);float: none;"">5) Konumu, Yeri ve Yakýnlýðý: AVM&apos;lere 1 dk, Okul ve Kolejlere 5 dk,</span><br style=""color: rgb(104, 108, 118);font-size: 14px;background-color: rgb(255, 255, 255);"" /><br style=""color: rgb(104, 108, 118);font-size: 14px;background-color: rgb(255, 255, 255);"" /><span style=""color: rgb(104, 108, 118);font-size: 14px;background-color: rgb(255, 255, 255);float: none;"">Sosyal yaþam açýsýndan ihtiyaç duyduðunuz market, pazar, hastane, saðlýk ocaðý yürüme mesafesindedir.</span><br style=""color: rgb(104, 108, 118);font-size: 14px;background-color: rgb(255, 255, 255);"" /><br style=""color: rgb(104, 108, 118);font-size: 14px;background-color: rgb(255, 255, 255);"" /><span style=""color: rgb(104, 108, 118);font-size: 14px;background-color: rgb(255, 255, 255);float: none;"">6) Krediye Uygundur. 250.000  &apos;ye kadar kredi çekebilirsiniz.</span><br style=""color: rgb(104, 108, 118);font-size: 14px;background-color: rgb(255, 255, 255);"" /><br style=""color: rgb(104, 108, 118);font-size: 14px;background-color: rgb(255, 255, 255);"" /><span style=""color: rgb(104, 108, 118);font-size: 14px;background-color: rgb(255, 255, 255);float: none;"">7) Tapu masrafý %3&apos;tür.</span><br style=""color: rgb(104, 108, 118);font-size: 14px;background-color: rgb(255, 255, 255);"" /><br style=""color: rgb(104, 108, 118);font-size: 14px;background-color: rgb(255, 255, 255);"" /><span style=""color: rgb(104, 108, 118);font-size: 14px;background-color: rgb(255, 255, 255);float: none;"">Fiyat teklifleri deðerlendirilecektir.</span><br style=""color: rgb(104, 108, 118);font-size: 14px;background-color: rgb(255, 255, 255);"" /><br style=""color: rgb(104, 108, 118);font-size: 14px;background-color: rgb(255, 255, 255);"" /><span style=""color: rgb(104, 108, 118);font-size: 14px;background-color: rgb(255, 255, 255);float: none;"">Sitede son 15 daire satýlýktýr. Fiyat aralýklarý 500.000 - 600.000  arasýndadýr.</span><br style=""color: rgb(104, 108, 118);font-size: 14px;background-color: rgb(255, 255, 255);"" /><br style=""color: rgb(104, 108, 118);font-size: 14px;background-color: rgb(255, 255, 255);"" /><font color=""#686c76"">Örnek Dairemizi Cumartesi ve Pazar günleri de gezebilirsiniz.</font><br /><br /><br /></p>";Ýzmir;Buca;"Çamlýkule Mh."
"KADIN DOÐUM HASTANESÝ YANI ANA YOLA VE SOKAÐA ÇÝFT CEPHE";"280.000 TL";697536566;"03 Haziran 2019";80;90;2+1;"16-20 arasý";2;3;"Doðalgaz (Kombi)";1;Var;Hayýr;;Evet;Sahibinden;38.3754772444906,27.182204872369766;"<p>KALORÝFER SÝSTEMÝ  KOMBÝ YOÐUÞMALI. LAMÝNAT PARKELER .ADOPEN PENCERELER HEPSÝ YENÝ SIFIR TAKILDI </p>";Ýzmir;Buca;"Atatürk Mh."
"Dubleks daire 3+1";"365.000 TL";602977124;"03 Haziran 2019";120;150;3+1;;"Bahçe Katý";3;"Doðalgaz (Kombi)";1;Var;Hayýr;;Evet;"Ýnþaat Firmasýndan";38.39520353637599,27.168089747428894;"Oturma raporu alinmistir. Satisa hazir durumdadir.<br /><br />Dairemiz 3+1 ters dubleks bahceli 110 m2 ic kullanim 20 m2 bahcesi vardir. <br /><br />  Dairemizin ozellikleri;<br /><br />- Boyut marka celik kapi <br />- Derzli parke <br />- Pimapen dogramalar<br />- Camasir dolabi ve ayakkabilik yeri hazir durumda<br />- Ýslak zemin seramiksan marka <br />- Ýc oda kapilari dekoratif antrasit renkli <br />- 3 oda asagi katta bulunmaktadir. 1 oda haric isikliga bakan oda yoktur<br />- Dairemizin demir korkuluklari takili vaziyettedir.<br />- Binamizin tamaminda Jotun marka boya kullanilmistir.<br /><br />Ýnsaat firmasindan aracisiz,komisyonsuz satiliktir.";Ýzmir;Buca;"Menderes Mah."
"ONURCAN EMLAK GÜVENCESÝYLE DÝCLE MAH LÜKS ARAKAT DAÝRE";"195.000 TL";680099629;"03 Haziran 2019";80;90;2+1;;3;5;"Doðalgaz (Kombi)";1;Var;Hayýr;;Evet;"Emlak Ofisinden";38.39848951835327,27.162048189163215;"<div><p style=""text-align: center;""><font face=""comic sans ms, sans-serif""><u style=""background-color: rgb(255, 255, 0);"">ONURCAN EMLAK GÜVENCESÝYLE,</u></font></p><p><font face=""comic sans ms, sans-serif"" style=""background-color: rgb(175, 238, 238);"">--- DÝCLE MAHALLESÝNDE,</font></p><p><font face=""comic sans ms, sans-serif"" style=""background-color: rgb(175, 238, 238);"">--- 2+1,</font></p><p><font face=""comic sans ms, sans-serif"" style=""background-color: rgb(175, 238, 238);"">--- 85 M2,</font></p><p><font face=""comic sans ms, sans-serif"" style=""background-color: rgb(175, 238, 238);"">--- DOÐALGAZLI,</font></p><p><font face=""comic sans ms, sans-serif"" style=""background-color: rgb(175, 238, 238);"">--- 5 KATLI BÝNANIN 3.KATI,</font></p><p><font face=""comic sans ms, sans-serif"" style=""background-color: rgb(175, 238, 238);"">--- AYRI MUTFAKLI DAÝREMÝZ SATILIKTIR.</font></p><p><font face=""comic sans ms, sans-serif"" style=""background-color: rgb(175, 238, 238);"">--- PAZARLIK PAYIMIZ VARDIR.</font></p>";Ýzmir;Buca;"Dicle Mah."
"TUREM&#039;DEN HASANAÐA BAHÇESÝ VE KAMPÜS BÖLGESÝNE YAKIN 1+1 DAÝRE";"126.000 TL";690420870;"03 Haziran 2019";38;45;1+1;3;3;3;Klima;1;Yok;Hayýr;;Evet;"Emlak Ofisinden";38.38236366138605,27.18671802431345;"<p>TUREM GAYRÝMENKULDEN DOKUZÇEÞMELER VE TINAZTEPE KAMPÜSE YÜRÜME MESAFESÝNDE KULLANIÞLI 1+1 DAÝRE.<br />DAÝREMÝZ KORÝDORLU OLUP IÞILAY GÜZEL SANATLAR LÞSESÝ ARKASINDADIR.<br />HASANAÐA BAHÇESÝ VE KAFELER BÖLGESÝNE YAKINDIR. <br />YÜKSEK KREDÝ KULLANILABÝLÝR. <br />EÞYASIZ OLUP 650 TL KÝRACILIDIR. </p>";Ýzmir;Buca;"Adatepe Mah."
"Sahibinden SIFIR 1+1";"163.000 TL";602961347;"03 Haziran 2019";35;65;1+1;;"Bahçe Katý";3;"Doðalgaz (Kombi)";1;Yok;Hayýr;;Evet;"Ýnþaat Firmasýndan";38.39518277745294,27.1682034060359;"Oturma raporu alinmis 30m2 bahcesi olan 1+1 miz aracisiz,komisyonsuz insaat firmasindan satiliktir. <br /><br />Daire ozellikleri;<br />-Pimapen dogramalar<br />-Evye teka marka<br />-E.C.A bataryalar <br />-Seramiksan marka islak zemin<br />-Boyut marka celik kapi<br />-Derzli parke<br />-Demir korkuluklar hazir vaziyettedir.";Ýzmir;Buca;"Menderes Mah."
"ASiL EMLAKTAN YATIRIMCILARIN TERCÝH ETTÝÐÝ BÖLGEDE STÜDYO DAÝRE";"115.000 TL";690233975;"03 Haziran 2019";35;35;"Stüdyo (1+0)";1;"Giriþ Katý";3;Klima;1;Yok;Hayýr;;Evet;"Emlak Ofisinden";38.38571845278203,27.18608435243368;"DAÝREMÝZ ADATEPE MAHALLESÝ ESHOT GARAJI CÝVARINDADIR<br />FULL EÞYALI KLÝMALIDIR<br />KÝRA GETÝRÝÞÝ MÝNÝMUM 750 TL DÝR<br />OLDUKÇA MERKEZÝ KONUMDA HUKUK FAKÜLTESÝ ESHOT GARAJI VE HASANAÐA BAHÇESÝNE YAKINDIR<br />DETAYLI BÝLGÝ ÝÇÝN ARAYINIZ";Ýzmir;Buca;"Adatepe Mah."
"Þirinyer Merkezde Önü Açýk Ferah Satýlýk Daire";"530.000 TL";674802066;"03 Haziran 2019";165;180;3+1;"5-10 arasý";1;3;"Doðalgaz (Kombi)";2;Var;Hayýr;;Evet;"Emlak Ofisinden";38.39004740093557,27.148520708063415;"<p style=""text-align: center;""><font size=""6"" color=""#ff0000""><b>Þirinyer Merkezde Önü Açýk Ferah Satýlýk Daire,</b></font><br /></p><p style=""text-align: center;""><font size=""6"">Önü açýk ve ferah kapanma ihtimali yok, 3 oda 1 salon 180 m2, hilton banyolu, ebeveyn banyosu ile birlikte çift banyo ve çift WC &apos;li, 3 balkonlu, mutfaktaki balkonu içeri alýnmýþ, karanlýk odasý yok, ankastre mutfaklý, zemin üstü 1. kat (ara kat), 12 yýllýk deprem yönetmeliðine uygundur. </font></p><p style=""text-align: center;""><font size=""6"" color=""#0000ff""><b>Konum Bilgileri;</b></font></p><p style=""text-align: center;""><font size=""6"">* Þirinyer Pazar yerine 1 dk. (87 m),</font></p><p style=""text-align: center;""><font size=""6"">* Þirinyer Ýzban Metro duraðýna, Buca Týnaztepe Hastanesine, Þirinyer Hipodromuna, 4 dk. (350 m),</font></p><p style=""text-align: center;""><font size=""6"">* Toplu ulaþýma otobüs ve dolmuþ duraklarýna, bankalara, Þirinyer Migros &apos;a, alýþ veriþ merkezlerine, 5 dk.(400 m),</font></p><p style=""text-align: center;""><font size=""6"">* Þirinyer PTT þubesine, Þirinyer Sevgi yolu giriþine, 6 dk. (500 m),</font></p><p style=""text-align: center;""><font size=""6"">* Þirinyer Tuðsavul Ýlköðretim Okuluna, Þirinyer Ýþçievleri lambalarý giriþine, 8 dk. (650 m),</font></p><p style=""text-align: center;""><font size=""6"">* Þirinyer Vali Rahmi Bey Ýlköðretim okuluna, Hasan Ali Yücel Ortaokuluna, 10 dk. (800 m), yürüme mesafesinde &apos;dir.</font></p><p style=""text-align: center;""><font size=""6"" color=""#0000ff"">Not; Mesafe bilgileri dakika ve metre olarak Google Map &apos;ten ölçüm yapýlarak verilmiþtir.</font></p>";Ýzmir;Buca;"Ýnkýlap Mh."
"Þirinyer Uçanyol&#039;da Asansörlü 2+1 Lüks Sýfýr Satýlýk Daire";"305.000 TL";642976294;"03 Haziran 2019";95;100;2+1;;3;4;"Doðalgaz (Kombi)";2;Var;Hayýr;;Evet;"Emlak Ofisinden";38.399675662080334,27.154638020658467;"<p style=""text-align: center;""><strong><u><span style=""font-size: 18pt;color: black;background-color: rgb(255, 0, 0);"">ROYAL EMLAK</span></u></strong></p><p style=""text-align: center;""><span style=""font-size: 10.5pt;color: black;""></span></p><p style=""text-align: center;""><strong><span style=""font-size: 10.5pt;color: #0000c2;"">Þirinyer Uçanyol&apos;da Asansörlü 2+1 100 m2 Lüks Sýfýr Satýlýk Daire</span></strong></p><p style=""text-align: center;""><span style=""font-size: 10.5pt;color: black;""></span></p><p style=""text-align: center;""><strong><span style=""font-size: 10.5pt;color: #fb0007;"">DAÝRE KONUMU VE ÝÇ ÖZELLÝKLERÝ</span></strong></p><p style=""text-align: center;""><span style=""font-size: 10.5pt;color: black;""></span></p><p style=""text-align: center;""><strong><span style=""font-size: 10.0pt;color: black;"">DAÝRE ÞÝRÝNYER UÇANYOLDA MEHMET EMÝN YURDAKUL Ý.Ö.O YANINDADIR .DAÝRE GENÝÞ,FERAH VE BATI-DOÐU CEPHELÝDÝR.DAÝREDE HAZIR MUTFAK,HÝLTON BANYO,DUÞAKABÝN,EBEVEYN BANYO,PVC ISICAM,LAMÝNANT PARKE,ASANSÖR BULUNMAKTADIR.</span></strong><span style=""font-size: 10.5pt;color: black;""></span></p><p style=""text-align: center;""><strong><span style=""font-size: 10.0pt;color: red;"">&apos;EV SAHÝBÝ ÝLE KARÞILIKLI PAZARLIK&apos;</span></strong></p><p style=""text-align: center;""><strong><span style=""font-size: 10.0pt;color: red;""></span></strong></p><p style=""text-align: center;""><strong><u><span style=""font-size: 10.5pt;color: black;"">&apos;&apos;Detaylý bilgi  ve diðer ilanlarýmýz için lütfen iletiþime geçiniz.&apos;&apos;</span></u></strong></p><p style=""text-align: center;""><span style=""font-size: 10.5pt;color: black;""></span></p><p style=""text-align: center;""><strong><span style=""font-size: 10.5pt;color: blue;"">&apos;&apos;Ýlanlarýmýz her gün güncellenmektedir.&apos;&apos;</span></strong></p><p style=""text-align: center;""><span style=""font-size: 10.5pt;color: black;""></span></p><p style=""text-align: center;""><strong><span style=""font-size: 16.0pt;color: black;"">        0535 978 05 92<span>    </span>SALÝH KÜÇÜK</span></strong><span style=""font-size: 16.0pt;color: black;""></span></p><p style=""text-align: center;""><strong><span style=""font-size: 16.0pt;color: black;""><span>       </span>0532 625 64 83<span>    </span>CÝHAN ÖZLÜ</span></strong><span style=""font-size: 16.0pt;color: black;""></span></p>";Ýzmir;Buca;"Çamlýk Mh."
"BUCA ÝNÖNÜ GEDÝZ&#039;DE BAHÇELÝ ÝZBANA YAKIN SATILIK 3+1 DAÝRE ACÝL";"189.000 TL";697518947;"03 Haziran 2019";120;160;3+1;;"Bahçe Katý";3;"Doðalgaz (Kombi)";1;Var;Hayýr;;Evet;"Emlak Ofisinden";38.354575254534986,27.14453655490877;"<p style=""color: rgb(0, 0, 0);font-size: 14px;text-align: center;""><b><u><font size=""4"" color=""#ffffff"" style=""background-color: rgb(0, 0, 255);"">EGE LÝDER EMLAK GÜVENCESÝYLE !!</font></u></b></p><p style=""color: rgb(0, 0, 0);font-size: 14px;text-align: center;""><b><u><font size=""4"" color=""#ffffff"" style=""background-color: rgb(0, 0, 255);"">EN UYGUN FÝYAT GARANTÝSÝYLE !!</font></u></b></p><p style=""color: rgb(0, 0, 0);font-size: 14px;text-align: center;""><b><i><u><font size=""3"" style=""background-color: rgb(255, 215, 0);"">BUCA ÝNÖNÜ MH. GEDÝZ SEMTÝNDE SATILIK 3+1 BAHÇELÝ AYDINLIK VE FERAH YATIRIMLIK DAÝRE</font></u></i></b></p><p style=""color: rgb(0, 0, 0);font-size: 14px;text-align: center;""><b><i><u><font size=""3"" style=""background-color: rgb(255, 215, 0);"">3+1 KAPALI MUTFAKLI</font></u></i></b></p><p style=""color: rgb(0, 0, 0);font-size: 14px;text-align: center;""><b><i><u><font size=""3"" style=""background-color: rgb(255, 215, 0);"">GÜN BOYU AYDINLIK VE FERAH /KARANLIK VEYA KÖR CEPHE KESÝNLÝKLE YOKTUR</font></u></i></b></p><p style=""color: rgb(0, 0, 0);font-size: 14px;text-align: center;""><b><i><u><font size=""3"" style=""background-color: rgb(255, 215, 0);"">DAÝRENÝN ALANI 120 M2 BAHÇESÝ 40 M2 TOPLAM ALANI 160 M2</font></u></i></b></p><p style=""color: rgb(0, 0, 0);font-size: 14px;text-align: center;""><b><i><u><font size=""3"" style=""background-color: rgb(255, 215, 0);"">DOÐALGAZ KOMBÝ PETEKLERÝ TAKILI/KULLANIMA HAZIR</font></u></i></b></p><p style=""color: rgb(0, 0, 0);font-size: 14px;text-align: center;""><b><i><u><font size=""3"" style=""background-color: rgb(255, 215, 0);"">TAMAMINA KREDÝ ÝMKANI</font></u></i></b></p><p style=""color: rgb(0, 0, 0);font-size: 14px;text-align: center;""><b><i><u><font size=""3"" style=""background-color: rgb(255, 215, 0);"">1.SINIF ÝÞÇÝLÝK VE MALZEME</font></u></i></b></p><p style=""color: rgb(0, 0, 0);font-size: 14px;text-align: center;""><b><i><u><font size=""3"" style=""background-color: rgb(255, 215, 0);"">ISI VE SES YALITIMLI</font></u></i></b></p><p style=""color: rgb(0, 0, 0);font-size: 14px;text-align: center;""><b><i><u><font size=""3"" style=""background-color: rgb(255, 215, 0);"">SEMT GARAJI ÝZBANA,DOLMUÞ VE MÝNÝBÜSE,ESHOT ARAÇLARINA YÜRÜME MESAFESÝNDE</font></u></i></b></p><p style=""color: rgb(0, 0, 0);font-size: 14px;text-align: center;""><b><i><u><font size=""3"" style=""background-color: rgb(255, 215, 0);"">OKUL,ECZANE,SAÐLIK OCAÐI,PAZARYERÝ,KURUMSAL MARKET VE AVMLER,PARK,CAMÝ VB TÜM YERLER HEMEN DÝBÝNDE</font></u></i></b></p><p style=""color: rgb(0, 0, 0);font-size: 14px;text-align: center;""><b><i><u><font size=""3"" style=""background-color: rgb(255, 215, 0);"">OPTÝMUMA,HAVAALANI VE OTOBANA ÇOK YAKIN</font></u></i></b></p><p style=""color: rgb(0, 0, 0);font-size: 14px;text-align: center;""><b><i><u><font size=""3"" style=""background-color: rgb(255, 215, 0);"">900 TL KÝRA GARANTÝLÝ</font></u></i></b></p><p style=""color: rgb(0, 0, 0);font-size: 14px;text-align: center;""><b><i><u><font size=""3"" style=""background-color: rgb(255, 215, 0);"">TAKAS SEÇENEKLERÝNE AÇIKTIR</font></u></i></b></p><p style=""color: rgb(0, 0, 0);font-size: 14px;text-align: center;""><b><i><u></u></i></b></p><p style=""color: rgb(0, 0, 0);font-size: 14px;text-align: center;""><b><i><u><b><i><u><b><i><u><font size=""3"" style=""background-color: rgb(255, 215, 0);"">DAHA DETAYLI BÝLGÝ ÝÇÝN HER ZAMAN ARAYABÝLÝRSÝNÝZ.</font></u></i></b></u></i></b></u></i></b></p><p style=""color: rgb(0, 0, 0);font-size: 14px;text-align: center;""><b><i><u><b><i><u><b><i><u></u></i></b></u></i></b></u></i></b></p><p style=""color: rgb(0, 0, 0);font-size: 14px;text-align: center;""><b><i><u><b><i><u><b><i><u><b><i><u><b><i><u><b><i><u><b style=""font-size: medium;""><i><u><b><i><u><b><i><u><b><i><u><b><i><u><b><i><u><b><i><u><b><i><u><u><em><strong><b><u><font size=""4"" color=""#ffffff"" style=""background-color: rgb(255, 0, 0);"">*** BÝZÝ TERCÝH ETMENÝZ ÝÇÝN NEDENLER ***</font></u></b></strong></em></u></u></i></b></u></i></b></u></i></b></u></i></b></u></i></b></u></i></b></u></i></b></u></i></b></u></i></b></u></i></b></u></i></b></u></i></b></u></i></b></u></i></b><br /></p><div style=""color: rgb(0, 0, 0);font-size: 14px;text-align: center;""><b style=""font-size: medium;""><i><u><b><i><u><b><i><u><b><i><u><b><i><u><b><i><u><b><i><u><b><i><u><u><em><strong><b><u><font size=""4"" color=""#ffffff"" style=""background-color: rgb(255, 0, 0);"">*** KÝRALIK-SATILIK DAÝRE,ARSA,MÜSTAKÝL EV,KOMPLE BÝNA,BAÐ,BAHÇE,TARLA,DÜKKAN-ÝÞYERÝ HÝZMETLERÝNDE EN ÝYÝSÝ ***</font></u></b></strong></em></u></u></i></b></u></i></b></u></i></b></u></i></b></u></i></b></u></i></b></u></i></b></u></i></b><br />";Ýzmir;Buca;"Ýnönü Mh."
"Buca Þirinyer Hürriyet Mahallesinde Asansörlü Satýlýk Daire";"310.000 TL";697530501;"03 Haziran 2019";115;135;3+1;;3;3;"Doðalgaz (Kombi)";2;Var;Hayýr;;Evet;"Emlak Ofisinden";38.39801684130526,27.146907911358085;"<p style=""color: rgb(38, 57, 75);background-color: rgb(255, 255, 255);""><strong style=""color: rgb(38, 57, 75);""><font size=""4"">Buca Þirinyer Hürriyet Mahallesinde Asansörlü Satýlýk Daire</font></strong></p><p style=""color: rgb(38, 57, 75);background-color: rgb(255, 255, 255);""><font size=""4"">3 oda 1 salon, 135 m2, doðal gaz kombili, zemin üstü üçüncü kat çatý sorunu yok, ankastre mutfak, hilton banyolu, karanlýk odasý yok, ebeveyn banyosu ile birlikte çift banyolu ve çift WC &apos;li, vestiyerli, dolaplý, çift balkonlu, küçük odasý yok, arka cephesi tamamen açýk kapanma ihtimali kesinlikle yoktur, bu fiyata kaçýrýlmayacak fýrsat ilanýdýr.</font></p><p style=""color: rgb(38, 57, 75);background-color: rgb(255, 255, 255);""><strong style=""color: rgb(38, 57, 75);""><font size=""4"">Konum Bilgileri;</font></strong></p><ul style=""color: rgb(38, 57, 75);background-color: rgb(255, 255, 255);""><li style=""color: rgb(38, 57, 75);""><font size=""4"">Toplu ulaþýma (otobüs ve dolmuþ duraklarýna), alýþ veriþ merkezlerine, marketlere, Buca olimpik yüzme havuzuna, 3 dk. (350 m),</font></li><li style=""color: rgb(38, 57, 75);""><font size=""4"">Rüþtü Ünsal Polis okuluna, Buca Gürçeþme Anadolu Lisesine, Zübeyde Haným huzur evine, 8 dk. (700 m),</font></li><li style=""color: rgb(38, 57, 75);""><font size=""4"">Þirinyer izban metro duraðýna, Þirinyer PTT þubesine, 10 dk. (800 m),</font></li><li style=""color: rgb(38, 57, 75);""><font size=""4"">Þirinyer pazar yerine, bankalara, Þirinyer Merkeze 11 dk. (900 m) yürüme mesafesinde &apos;dir.</font></li><li style=""color: rgb(38, 57, 75);""><font size=""4"">Araç ile Konak tünelleri çýkýþý 4 dk. mesafede &apos;dir.</font></li></ul><p style=""color: rgb(38, 57, 75);background-color: rgb(255, 255, 255);""><strong style=""color: rgb(38, 57, 75);""><font size=""4"">Kayýt Sýra Nu; 5039</font></strong></p><p><font size=""4""><br /></font></p><p><br /></p>";Ýzmir;Buca;"Hürriyet Mh."
"ATAMER GAYRÝMENKUL&#039;DEN CADDE ÜSTÜ ARAKAT SÝTE ÝÇÝ 3+1 DAÝRE.";"305.000 TL";690437342;"03 Haziran 2019";130;140;3+1;"5-10 arasý";3;7;"Doðalgaz (Kombi)";2;Var;Hayýr;;Evet;"Emlak Ofisinden";38.370619483325925,27.174177691340446;"<p>ÇAMLIKULE MAHALLESÝ, YILDIZ MAHALLESÝ, BUCA KOOP MAHALLESÝ ARASINDA , CADDE ÜSTÜ ARAKAT KÖÞE ÜÇ BALKONLU ÇÝFT TUVALETLÝ KÝLERLÝ GENÝÞ FERAH SINAV KOLEJÝ KARÞISINDA , DOLMUÞ VE OTOBÜS DURAKLARI ÖNÜNDE, AVM  ATM MÝGROS A101 ,BÝM  ÞOK, ÝNAL, BÝZÝM MARKET ÇÝFTBAÐCILAR, PAZAR YERÝ ,HASTANE, CAMÝÝ, ECZANE ,OKUL, ÞARKÜTERÝ, SPOR SALONU, PÝZZACI, DÖNERCÝ, SALI PAZARI ,FIRIN ,PASTANE, KÜNCÜ ,AYNI CADDE ÜZERÝNDE , DOÐALGAZLI FULL YAPILI MASRAFSIZ ARAKAT ,ASANSÖRLÜ, SÝTE ÝÇÝNDE FIRSAT DAÝRE. </p>";Ýzmir;Buca;"Buca Koop. Mah."
"BOZBEY EMLAK&#039;TAN BUCA FIRAT MAH.124 m2 3+1 SATILIK LÜX DAÝRE";"350.000 TL";611669775;"03 Haziran 2019";124;124;3+1;;2;2;"Doðalgaz (Kombi)";1;Var;Hayýr;;Evet;"Emlak Ofisinden";38.37651882693221,27.14857365341186;"<p style=""text-align: center;""><br /></p><p><br /></p><p><br /></p><p style=""color: rgb(0, 0, 0);font-size: 14px;text-align: center;""><font size=""4"" style=""background-color: rgb(255, 255, 0);"">DAÝREMÝZ BUCA FIRAT MAHALLESÝNDE OLUP 2 KATLI MÜSTAKÝL BÝNANIN 2. KATINDADIR.</font></p><p style=""color: rgb(0, 0, 0);font-size: 14px;text-align: center;""><font size=""4"" style=""background-color: rgb(255, 255, 0);"">124 m2 3+1 OLAN DAÝREMÝZ LÜX BÝR DAÝREDÝR.</font></p><p style=""color: rgb(0, 0, 0);font-size: 14px;text-align: center;""><font size=""4"" style=""background-color: rgb(255, 255, 0);"">DAÝRE KONUM OLARAK ÇOK MERKEZÝ BÝR YERDEDÝR.</font></p><p style=""color: rgb(0, 0, 0);font-size: 14px;text-align: center;""><font size=""4"" style=""background-color: rgb(255, 255, 0);"">DOLMUÞ,OTOBÜS-<span>ÝZBAN,</span><span>SAÐLIK OCAÐI,</span><span>SEMT PAZARI,AVM LER YÜRÜME MESAFESÝ UZAKLIÐINDADIR.</span></font></p><p style=""color: rgb(0, 0, 0);font-size: 14px;text-align: center;""><font size=""4"" style=""background-color: rgb(255, 255, 0);"">DAÝREDE KULLANILAN TÜM MALZEMELER 1.SINIF KALÝTE MALZEMELERDÝR.</font></p><p style=""color: rgb(0, 0, 0);font-size: 14px;text-align: center;""><font size=""4"" style=""background-color: rgb(255, 255, 0);"">MUTFAK TAVAN SPOT AYDINLATMASI,LAMÝNAT PARKE,DOÐALGAZ KOMBÝ,DUÞAKABÝN,MERKEZÝ </font></p><p style=""color: rgb(0, 0, 0);font-size: 14px;text-align: center;""><font size=""4"" style=""background-color: rgb(255, 255, 0);"">UYDU SÝSTEMÝ</font></p><p style=""color: rgb(0, 0, 0);font-size: 14px;text-align: center;""><font size=""4"" style=""background-color: rgb(255, 255, 0);"">VS VS ..</font></p><p style=""color: rgb(0, 0, 0);font-size: 14px;text-align: center;""><font size=""4"" style=""background-color: rgb(255, 255, 0);"">DEPREM YÖNETMELÝÐÝNE UYGUN OLARAK ÝNÞA EDÝLEN DAÝREMÝZ KONUT KREDÝSÝNE UYGUNDUR.</font></p><p style=""color: rgb(0, 0, 0);font-size: 14px;text-align: center;""><font size=""4"" style=""background-color: rgb(255, 255, 0);"">DETAYLI BÝLGÝ ÝÇÝN BÝZÝMLE ÝLETÝÞÝME GEÇÝNÝZ.</font></p><p><br /></p><p><br /></p><p style=""text-align: center;""></p>";Ýzmir;Buca;"Fýrat Mh."
"Vergi Dairesi caddesinde,uçanyola yakýn,tadilatlý satýlýk daire";"580.000 TL";697510337;"03 Haziran 2019";95;110;3+1;"26-30 arasý";2;7;"Doðalgaz (Kombi)";2;Var;Hayýr;;Evet;Sahibinden;38.39414718867629,27.156848274171352;"<p>Full tadilat yapýlmýþtýr. <br />Yatak odasýnda ve yan odada tavana kadar giyinme dolabý mevcuttur.<br />Mutfakta ankastre ocak,davlumbaz ve fýrýn mevcuttur.<br />Giriþ koridorda geniþ bir depolama alaný saðlayan gömme dolap ve ayakkabýlýk mevcuttur.</p>";Ýzmir;Buca;"Yiðitler Mh."
"Buca Kozaðaçta Satýlýk Masrafsýz Daire";"215.000 TL";697524412;"03 Haziran 2019";106;110;2+1;"5-10 arasý";1;3;"Doðalgaz (Kombi)";1;Var;Hayýr;;Evet;"Emlak Ofisinden";38.37670983197621,27.172091070373654;"<strong style=""color: rgb(38, 57, 75);font-size: 14px;""><font size=""4"">Buca Kozaðaçta Satýlýk Masrafsýz Daire</font></strong><br /><div><strong style=""color: rgb(38, 57, 75);font-size: 14px;""><font size=""4""><br /></font></strong>";Ýzmir;Buca;"Kozaðaç Mh."
"ÞÝRÝNYER LALELÝ MAH ORTAKAT 130 M2 3+1 BALKONLU 210.000 TL";"210.000 TL";624164907;"03 Haziran 2019";130;130;3+1;"16-20 arasý";3;4;Soba;1;Var;Hayýr;;Hayýr;"Emlak Ofisinden";38.39659877676635,27.15062510383109;"<p><font size=""6"">ÞÝRÝNYER    LALELÝ  MAH    LALELÝ     MUHTARLIGINA    YAKIN   OLAN  DAÝREMÝZ   4KATLI  BÝNANIN    <font color=""#ff0000"">3.KATI</font>  <font color=""#ff0000""> 3+1</font>  <font color=""#ff0000"">130 M2</font>  ÇÝFT   CEPHELÝ  MERKEZÝ    YERDE   KALSÝK  BÝR  DAÝRE   ULAÞIM  SORUNU   YOK  METROYA  YÜRÜME   MESAFESÝNDE    ÞÝRÝNYER  PAZARINA  SEVGÝ  YOLUNA  ÞÝRÝNYER  PAZARINA  HEPSÝNE   YÜRÜME   MESAFESÝNDE   SAGLAM  EMLAK  FEVZÝ  ERENDE  <font color=""#ff0000"">210.000 TL</font> SATILIK   </font></p><p><br /></p>";Ýzmir;Buca;"Laleli Mah."
"*BÝNAX&#039;TAN MERKEZÝ KONUMDA HASTANE VE ÜNÝVERSÝTE ÇEVRESÝNDE 1+1*";"130.000 TL";697515731;"03 Haziran 2019";51;56;1+1;;"Kot 1";3;"Doðalgaz (Kombi)";1;Yok;Hayýr;;Evet;"Emlak Ofisinden";38.37650031566052,27.18039531397892;"<p style=""text-align: center;""><b><font size=""5"" style=""background-color: rgb(255, 165, 0);"">BÝNAX TINAZTEPE GAYRÝMENKUL</font></b></p><p style=""text-align: center;""><span><b><font size=""3"">DAÝREMÝZ ATATÜRK MAHALLESÝNDE</font></b></span></p><p style=""text-align: center;""><span><b><font size=""3"">BUCA KADIN DOÐUM HASTANESÝNÝN YANINDADIR</font></b></span></p><p style=""text-align: center;""><span><b><font size=""3"">MERKEZÝ KONUMLU OLUP</font></b></span></p><p style=""color: rgb(0, 0, 0);font-size: 14px;text-align: center;""><font size=""2"" face=""Arial, Helvetica, sans-serif""><b>DAÝREMÝZ 1. SINIF MALZEMELERLE ÝNÞAA EDÝLMÝÞ 5 YIL BOYUNCA MÜTEAHHÝT FÝRMA TARAFINDAN GARANTÝ KAPSAMINDADIR</b></font></p><p style=""color: rgb(0, 0, 0);font-size: 14px;text-align: center;""><b><font size=""3"">BÖLGEDEKÝ EMSAL 1+1 DAÝRELERDEN DAHA BÜYÜK VE KULLANIÞLIDIR</font></b></p><p style=""color: rgb(0, 0, 0);font-size: 14px;text-align: center;""><span><b><font size=""3"">ÜNÝVERSÝTEYE VE HASTANELERE YÜRÜME MESAFESÝNDEDÝR</font></b></span></p><p style=""color: rgb(0, 0, 0);font-size: 14px;text-align: center;""><b><font size=""3"">DAÝREMÝZDE DOÐALGAZ KOMBÝ PETEK MEVCUTTUR</font></b></p><p style=""color: rgb(0, 0, 0);font-size: 14px;text-align: center;""><b></b></p><p style=""color: rgb(0, 0, 0);font-size: 14px;text-align: center;""><b><b><font size=""3"" face=""trebuchet ms, sans-serif"">DAÝREMÝZ EÞYALANDIRILDIÐI TAKDÝRDE SÝZ YATIRIMCILARIMIZA</font><font face=""trebuchet ms, sans-serif"" size=""3"" style=""background-color: rgb(255, 255, 0);""><span> </span>900<span> </span></font><font size=""3"" face=""trebuchet ms, sans-serif"">ÝLE<span style=""background-color: rgb(255, 255, 0);""><span> </span>1000</span><span> </span>TL ARASI KÝRA GARANTÝSÝ VERMEKTEYÝZ</font></b></b></p><p style=""color: rgb(0, 0, 0);font-size: 14px;text-align: center;""><b><b><font size=""3"" style=""background-color: rgb(0, 255, 255);"">DAÝREMÝZ KONUM OLARAK;</font></b></b></p><p style=""color: rgb(0, 0, 0);font-size: 14px;text-align: center;""><b><b><font size=""3"">HOCA AHMET YESEVÝ CADDESÝNE 1 DK</font></b></b></p><p style=""color: rgb(0, 0, 0);font-size: 14px;text-align: center;""><b><b><font size=""3"">D.E.Ü TINAZTEPE KAMPÜSE 10 DK</font></b></b></p><p style=""color: rgb(0, 0, 0);font-size: 14px;text-align: center;""><b><b><font size=""3"">Ý.Ý.B. FAKÜLTESÝNE 7 DK</font></b></b></p><p style=""color: rgb(0, 0, 0);font-size: 14px;text-align: center;""><b><b><font size=""3"">HASANAÐA BAHÇESÝNE 5 DK</font></b></b></p><p style=""color: rgb(0, 0, 0);font-size: 14px;text-align: center;""><b><b><font size=""3"">ÖZEL TINAZTEPE HASTANESÝNE 13 DK</font></b></b></p><p style=""color: rgb(0, 0, 0);font-size: 14px;text-align: center;""><b><b><font size=""3"">BUCA KADIN DOÐUM HASTANESÝNE 1 DK</font></b></b></p><p style=""color: rgb(0, 0, 0);font-size: 14px;text-align: center;""><b><b><font size=""3"">CAFE VE PASTANELERE 2 DK</font></b></b></p><p style=""color: rgb(0, 0, 0);font-size: 14px;text-align: center;""><b><b><font size=""3"">A101 BÝM ÞOK GÝBÝ BÖLGESEL MARKETLERE 1 DK</font></b></b></p><p style=""color: rgb(0, 0, 0);font-size: 14px;text-align: center;""><b><b><font size=""3"">ANA CADDEYE TOPLU TAÞIMA ARAÇLARINA 50 MT </font></b></b></p><p style=""color: rgb(0, 0, 0);font-size: 14px;text-align: center;""><b><b><font size=""3"">YÜRÜME MESAFESÝNDEDÝR</font></b></b></p><p style=""color: rgb(0, 0, 0);font-size: 14px;text-align: center;""><b><b><font size=""3"" style=""background-color: rgb(255, 255, 0);"">DAÝREMÝZÝ GÖRMEK VE DETAYLI BÝLGÝ ÝÇÝN MÜÞTERÝ TEMSÝLCÝMÝZ ÝLE ÝLETÝÞÝME GEÇÝNÝZ</font></b></b></p><p style=""color: rgb(0, 0, 0);font-size: 14px;text-align: center;""><b><b><font size=""3"" style=""background-color: rgb(255, 255, 0);"">ESAT KIRMIZI</font></b></b></p><p style=""color: rgb(0, 0, 0);font-size: 14px;text-align: center;""><b><b><font size=""3"" style=""background-color: rgb(255, 255, 0);"">05375619861</font></b></b></p><p style=""color: rgb(0, 0, 0);font-size: 14px;text-align: center;""><b><b><font size=""3"" style=""background-color: rgb(255, 215, 0);"">NOT:HAFTANIN 7 GÜNÜ 10:00 ÝLE 19:00 SAATLERÝ ARASINDA HÝZMET VERMEKTEYÝZ.</font></b></b></p><p><b><br /><br /></b></p><p></p><p><br /></p>";Ýzmir;Buca;"Atatürk Mh."
"Sahibinden satýlýk daire Acill";"210.000 TL";697507337;"03 Haziran 2019";50;55;1+1;"5-10 arasý";"Yüksek Giriþ";4;Yok;1;Var;Hayýr;;Hayýr;Sahibinden;38.39866667015322,27.150833363122274;"<p>1+1 55 m2m2</p><p>Yüksek giriþ</p><p>Geniþ balkonlu </p><p>Ayrý odalý</p><p>Amerikan mutfak</p><p><br /></p>";Ýzmir;Buca;"Laleli Mah."
"BUCADA HAVUZLU SÝTEDE 3+1 ARAKAT MANZARALI SATILIK DAÝRE";"635.000 TL";697509039;"03 Haziran 2019";160;175;3+1;4;6;8;"Merkezi (Pay Ölçer)";2;Var;;"Elegance Evleri";Evet;"Emlak Ofisinden";38.39573794736328,27.173984504248047;"<p><br /></p><p><br /></p><div style=""color: rgb(0, 0, 0);font-size: 12px;background-color: rgb(255, 255, 255);""><div style=""color: rgb(0, 0, 0);background-color: rgb(255, 255, 255);font-size: 14px;""><div style=""text-align: center;""><b><font face=""comic sans ms, sans-serif"" size=""4"" color=""#ff0000"">DAÝREMIZ 8 KATLI BÝNADA 6. KATTADIR.</font></b>";Ýzmir;Buca;"Yaylacýk Mh."
"BUCA ADATEPE FAKULTEYE 200 M SATILIK EÞYALI 1+1 DAÝRE";"150.000 TL";591768671;"03 Haziran 2019";48;50;1+1;;2;5;Klima;1;Var;Hayýr;;Evet;"Emlak Ofisinden";38.38759307061852,27.182964561230392;"<div style=""text-align: center;""><b><font size=""4""><font color=""#000000"">BUCA ADATEPE MAHALLESÝ DOKUZ ÇEÞMELER KAMPÜSÜNE YÜRÜME MESAFESÝNDE </font><font color=""#000000"">1+1 -  50 M2 DAÝREMÝZ FUL EÞYALIDIR KÝRA RAÝÇ BEDELLERÝ 1000 TL ÝLE 1200 TL ARASIDA DEÐÝÞMEKTEDÝR.   </font><font color=""#000000"">KREDÝYE UYGUN <span style=""background-color: rgb(255, 255, 0);"">ACÝL EMLAKTAN</span> SATILIKTIR.</font></font></b>";Ýzmir;Buca;"Adatepe Mah."
"BUCA YAYLACIK MAH. 36 SOKAK SATILIK 2+1 97 M2 DAÝRE";"235.000 TL";621500716;"03 Haziran 2019";95;97;2+1;"5-10 arasý";2;4;Klima;1;Var;Hayýr;;Evet;"Emlak Ofisinden";38.388814437449824,27.180491739578088;"<div><p style=""text-align: center;""><b><font size=""4"">DAÝREMÝZ YAYLACIK MAHALLESÝ 36 SOKAKTA TE YER ALMAKTADIR. 2+1 97 M2 DAÝREMÝZ 4 KATLI BÝNANIN 2. KATINDA YER </font></b></p><p style=""text-align: center;""><b><font size=""4"">ALMAKTADIR.  BALKON MEVCUTTUR.  DOKUZÇEÞMELER FAKULTESÝNE 150 METRE MESAFEDEDÝR.  </font></b></p><p style=""text-align: center;""><b><font size=""4"">KÝRA RAÝÇLERÝ 1200 TL ÝLE 1400 TL ARASINDA DEÐÝÞMEKTEDÝR.  KREDÝYE UYGUN ACÝL EMLAKTAN SATILIKTIR</font></b></p><p style=""text-align: center;""><b><font size=""4"">---------------</font></b></p><p style=""text-align: center;""><img src=""https://i.imgur.com/NRyXWah.jpg"" /><b><font size=""4""><br /></font></b></p><p style=""text-align: center;""><b><font size=""4"">---------------</font></b></p><p style=""text-align: center;""><img src=""https://i.imgur.com/SmSc7Ly.png"" /><b><font size=""4""><br /></font></b></p><p style=""text-align: center;""><br /></p>";Ýzmir;Buca;"Yaylacýk Mh."
"ÞÝRÝNYER MERKEZDE 3+1 180 M2 ARA KAT BAKIMLI LÜKS DAÝRE";"350.000 TL";697506856;"03 Haziran 2019";160;180;3+1;"16-20 arasý";3;4;"Doðalgaz (Kombi)";1;Var;Hayýr;;Evet;"Emlak Ofisinden";38.392202298431044,27.155039361294257;"<p>ÞÝRÝNYER ,ÝÞÇÝEVLERÝ GÝRÝÞÝNDE  MERKEZÝ KONUMDA </p><p>3+1 180 M2 </p><p>ARA KAT</p><p>DOÐALGAZLI ,BARBEKÜLÜ</p><p>FULL TADÝLATLI </p><p style=""font-size: 14px;background-color: rgb(255, 255, 255);color: rgb(38, 57, 75);"">Ý<span>ZBANA YAKIN MESAFE DE</span></p><p style=""font-size: 14px;background-color: rgb(255, 255, 255);color: rgb(38, 57, 75);""><span>CADDE VE OTOBÜS GÜZERGAHINDA</span></p><p style=""font-size: 14px;background-color: rgb(255, 255, 255);color: rgb(38, 57, 75);""></p><p>ALIÞ-VERÝÞ MERKEZLERÝ,</p><p>BANKALAR</p><p>SEMT PAZARI ,UÇAN YOL YAKINI </p><p> BAKIMLI <span>LÜKS DAÝRE</span></p>";Ýzmir;Buca;"Yiðitler Mh."
"ARAKAT EÞYALI &amp; KÝRACILI &amp; KLÝMALI &amp; DOÐALGAZLI 1+1 AYRI MUTFAK";"163.000 TL";660622026;"03 Haziran 2019";55;65;1+1;1;1;4;"Doðalgaz (Kombi)";1;Yok;Hayýr;;Evet;Sahibinden;38.383657011025164,27.186505514965916;<div><b>Merhabalar,</b>;Ýzmir;Buca;"Adatepe Mah."
"ACÝL ÝBF ÇAPRAZINDA HAZIR KÝRACILI ASANSÖRLÜ ULTRA LÜKS DAIRE";"178.000 TL";611413552;"03 Haziran 2019";40;50;1+1;;4;4;"Doðalgaz (Kombi)";1;Var;Hayýr;;Evet;"Emlak Ofisinden";38.38591919352841,27.183931301324492;"<p></p><p style=""text-align: center;""><font size=""4"">ÝBF YANI 1+1 50 m2 BALKONLU </font></p><p style=""text-align: center;""><font size=""4"">GENÝÞ FERAH ODALAR DOÐAL GAZLI KLÝMALI KÖÞE ÖNÜ AÇIK</font></p><p style=""text-align: center;""><font size=""4"">ASANSÖRLÜ YÜKSEK KÝRA GETÝRÝSÝ OLAN FIRSAT DAÝRE </font></p><p style=""text-align: center;""><font size=""4"">BÝRÝNÇÝ SINIF ÝÞÇÝLÝK VE MALZEMELER </font></p><p style=""text-align: center;""><font size=""4"" color=""#ff0000"">DAÝREYÝ GÖRMEK VE DAHA FAZLA BÝLGÝ ALMAK ÝÇÝN ARAYINIZ...</font></p><p></p>";Ýzmir;Buca;"Adatepe Mah."
"BUCA EVLENDÝRME DAÝRESÝ YAKINI BAHÇELÝ 2+1 SIFIR DAÝRE";"175.000 TL";591783778;"03 Haziran 2019";70;70;2+1;;"Bahçe Katý";2;"Doðalgaz (Kombi)";2;Var;Hayýr;;Evet;"Emlak Ofisinden";38.377965307912476,27.17412030448054;"<p></p><div style=""text-align: center;""><b><font size=""5"">DAÝREMÝZ BUCA EVLENDÝRME DAÝRESÝ KARÞISINDADIR. 2+1 70 M2 VE 20 M2 BAHÇESÝ MEVCUTTUR.</font></b>";Ýzmir;Buca;"Kozaðaç Mh."
"YENÝGÜN MAH CADDE ÜSTÜ SÝTE ÝÇÝNDE ULTRA LUKS 3+1 140 m2";"400.000 TL";668416663;"03 Haziran 2019";140;160;3+1;"5-10 arasý";7;10;"Doðalgaz (Kombi)";1;Var;Evet;;Evet;"Emlak Ofisinden";38.378501985217,27.162046242713927;"<p style=""text-align: center;""><img src=""https://image5.sahibinden.com/stores/logos/36/54/57/4868438daf7866033e884cd667d47388a8d693d5.png"" /></p><p style=""text-align: center;""><br /></p><p style=""color: rgb(0, 0, 0);font-size: 14px;text-align: center;""><b><font size=""5"">HER ODASINDA A SINIFI KLÝMA MEVCUTTUR </font></b></p><p style=""color: rgb(0, 0, 0);font-size: 14px;text-align: center;""><b><font size=""5"">7/24 GÜVENLÝK KAMERASI</font></b></p><p style=""color: rgb(0, 0, 0);font-size: 14px;text-align: center;""><b><font size=""5"">ASANSÖR</font></b></p><p style=""color: rgb(0, 0, 0);font-size: 14px;text-align: center;""><b><font size=""5"">KÝLER</font></b></p><p style=""color: rgb(0, 0, 0);font-size: 14px;text-align: center;""><b><font size=""5"">AKRÝLÝK HAZIR MUTFAK</font></b></p><p style=""color: rgb(0, 0, 0);font-size: 14px;text-align: center;""><b><font size=""5"">ÇÝFT BALKON</font></b></p><p style=""color: rgb(0, 0, 0);font-size: 14px;text-align: center;""><b><font size=""5"">BALKONLAR CAM KAPLAMALI</font></b></p><p style=""color: rgb(0, 0, 0);font-size: 14px;text-align: center;""><b><font size=""5"">TAM YOÐUÞMALI KOMBÝ</font></b></p><p style=""color: rgb(0, 0, 0);font-size: 14px;text-align: center;""><b><font size=""5"">ARA KAT</font></b></p><p style=""color: rgb(0, 0, 0);font-size: 14px;text-align: center;""><b><font size=""5"">ANKASTRE 3 LÜ SET</font></b></p><p style=""color: rgb(0, 0, 0);font-size: 14px;text-align: center;""><b><font size=""5""> ISI SES YALITIMLI PVC DOÐRAMALAR </font></b></p><p style=""color: rgb(0, 0, 0);font-size: 14px;text-align: center;""><b><font size=""5"">KAPALI SÝTE OTOPARKI </font></b></p><p style=""color: rgb(0, 0, 0);font-size: 14px;text-align: center;""><b><font size=""5""><b style=""color: rgb(0, 0, 0);font-size: 14px;text-align: center;background-color: rgb(255, 255, 255);""><font size=""5"">OTOBÜS VE DOLMUÞ DURAÐI KAPININ ÖNÜNDE</font></b></font></b></p><p style=""color: rgb(0, 0, 0);font-size: 14px;text-align: center;""><b><font size=""5"">ZÜBEYDE HANIM ÖZEL KOLEJÝN YANINDA</font></b><b><font size=""5""><br /></font></b></p><div style=""color: rgb(0, 0, 0);background-color: rgb(255, 255, 255);text-align: center;""><b><font size=""3""><span style=""color: rgb(0, 0, 0);text-align: center;background-color: rgb(255, 255, 255);float: none;"">ANLAÞMALI BANKALARIMIZ</span><br style=""color: rgb(0, 0, 0);text-align: center;background-color: rgb(255, 255, 255);"" /></font></b><br style=""color: rgb(0, 0, 0);font-size: 14px;text-align: center;background-color: rgb(255, 255, 255);"" /><img src=""http://i.hizliresim.com/Pklyad.gif"" /><br /><br />";Ýzmir;Buca;"Yenigün Mh."
"SATILIK 2+1 DAÝRE";"210.000 TL";697473133;"03 Haziran 2019";80;110;2+1;4;"Kot 1";4;"Doðalgaz (Kombi)";1;Var;Hayýr;;Evet;Sahibinden;38.39597739324205,27.179366759955883;"<p>Amerikan mutfak doðalgaz spot aydýnlatmalý lüx daire <br />Vardiyalý çalýþmaktayým taleplerinize en kýsa sürede dönüþ yapýlacaktýr <br /></p>";Ýzmir;Buca;"Gaziler Mah."
"2+1 AYRI MUTFAK 115 M2 DOÐALGAZLI SATILIK DAÝRE";"280.000 TL";690203630;"03 Haziran 2019";100;115;2+1;;"Çatý Katý";3;"Doðalgaz (Kombi)";1;Var;Hayýr;;Evet;"Emlak Ofisinden";38.370771129459165,27.213700497436548;"<p style=""text-align: center;""><font size=""6"">BUCA ADATEPE MEVKÝNDE 2+1 AYRI MUTFAK 3 KATLI BÝNANIN 3,KATI DOÐALGAZLI, ANKASTRSET SIFIR KREDÝYE UYGUN BÝNADA 100 110 M2 ARAKAT 240,000 VE 270,000 TL FÝYAT ARALIÐINDA DAÝRELER MEVCUT </font></p>";Ýzmir;Buca;"Adatepe Mah."
"ARAKAT 175,000 1+1 DOÐALGAZLI";"175.000 TL";690207483;"03 Haziran 2019";50;55;1+1;;3;5;"Doðalgaz (Kombi)";1;Var;Hayýr;;Evet;"Emlak Ofisinden";38.37252070388677,27.211983883667017;"<p style=""text-align: center;""><font size=""6"">BUCA ÜNÝVERSÝTE BÝTÝÞÝÐÝ DOÐALGAZLI,ASANSÖRLÜ ARAKAT 45 M2 1+1 YATIRIM ÝÇÝN UYGUN 1,250 TL KÝRA GARANTÝLÝ </font></p>";Ýzmir;Buca;"Adatepe Mah."
"145,000 TL ARAKAT SATILIK DAÝRE";"145.000 TL";690209766;"03 Haziran 2019";40;45;"Stüdyo (1+0)";;2;4;"Doðalgaz (Kombi)";1;Yok;Hayýr;;Evet;"Emlak Ofisinden";38.37225154134351,27.209065640258814;"<p style=""text-align: center;""><font size=""6"">DAÝRE UNÝVERSÝTE YAKINI 45 M2 1+0 145,000 DOÐALGAZLI ASANSÖRLÜ SATILIK DAÝRE </font></p>";Ýzmir;Buca;"Adatepe Mah."
"SAHÝBÝNDEN SATILIK ÝZMÝR BUCA DAÝRE";"275.000 TL";697470085;"03 Haziran 2019";110;118;3+1;"11-15 arasý";2;8;"Doðalgaz (Kombi)";1;Var;Hayýr;;Evet;Sahibinden;38.3738964,27.1751688;"<p>Evimiz 3+1 dir. 2 balkonu vardýr biri kapalýdýr. Doðalgaz kullanýlmaktadýr. Ýþimiz dolayýsýyla satýlýktýr. Kat ittifakýdýr. <br /></p>";Ýzmir;Buca;"Yýldýz Mh."
"A24 Vizyondan Þirinyerde Sýfýr D.gaz Kombi E.Banyo 3+1";"310.000 TL";697500220;"03 Haziran 2019";110;120;3+1;;4;4;"Doðalgaz (Kombi)";2;Var;Hayýr;;Evet;"Emlak Ofisinden";38.399938134790624,27.153180845704355;"<p><font size=""6"">KOD:158 <span style=""background-color: rgb(255, 255, 0);""><u>Þirinyer Laleli mahallesinde sýfýr daire. Doðalgaz kombili, ebeveyn banyolu, çift cepheli, her kat tek daire.</u></span> Krediye uygun. Pazarlýk var. </font></p><p><font size=""6"">Diðer satýlýk dairelerimizi görmek için, <span style=""background-color: rgb(255, 255, 0);""><u>www.a24gayrimenkul.com.tr</u></span></font><br /></p>";Ýzmir;Buca;"Laleli Mah."
"ÝZMÝR PARK EMLAKTAN BUCAKOOPTA SATILIK 3+1 DAÝE";"275.000 TL";690394396;"03 Haziran 2019";115;120;3+1;"21-25 arasý";2;9;"Doðalgaz (Kombi)";1;Var;Hayýr;;Evet;"Emlak Ofisinden";38.367154,27.1899646;"<p>3+1 115 m2 bakýmlý doðalgazlý <u>arakat</u></p>";Ýzmir;Buca;"Buca Koop. Mah."
"TURGUT EMLAKTAN BUCA ÝNÖNÜ MAH 2+1 75M2 SATILIK DAÝRE";"145.000 TL";689880191;"03 Haziran 2019";75;80;2+1;1;"Zemin Kat";3;Klima;1;Yok;Hayýr;;Evet;"Emlak Ofisinden";38.35699861254228,27.14146815240383;"<p>TURGUT EMLAK FIRSATLAR SUNMAYA DEVAM EDÝYOR BUCA ÝNÖNÜ DE SATILIK DAIRE <u>145</u>.000TL YE<br />2+1 75m2 3KATLI BÝNANIN ZEMIN KATI AÇIK MUTFAK PÝMAPENLÝ 1YILLIK BÝNA <br />SEMT PAZARI YAKINI ALISVERIS MARKETLERI OKUL PARK SAÐLIK OCAÐINA ECZANE SEMT GARAJI ÝZBAN KARÞISINDA <br />OTOBÜS VE DOLMUÞ GUZERGAHLARINA YÜRÜME MESAFESÝNDE <br />TEMÝZ FERAH GÜNEÞ GÖRÜR DETAYLI BILGI ICIN BIZI ARAYINIZ .0537 259 74 66</p>";Ýzmir;Buca;"Ýnönü Mh."
"AZÝM ÇELÝK ÝNÞAAT&#039;TAN TINAZTEPE KAMPÜS KARÞISI FULL EÞYALI DAÝRE";"155.000 TL";688486676;"03 Haziran 2019";47;50;1+1;;2;3;Yok;1;Yok;Hayýr;;Evet;"Ýnþaat Firmasýndan";38.374736881488346,27.184035146570864;"<p><br /></p><p><br /></p><p style=""color: rgb(0, 0, 0);font-size: 14px;text-align: center;""><font size=""6"" style=""background-color: rgb(255, 255, 0);""><b>AZÝM ÇELÝK&apos;TEN</b></font></p><p style=""color: rgb(0, 0, 0);font-size: 14px;text-align: center;""><b><font size=""4"">METÝN GÖKTEPE CADDESÝNDE</font></b></p><p style=""color: rgb(0, 0, 0);font-size: 14px;text-align: center;""><span style=""background-color: rgb(255, 255, 255);""><b><font size=""5"">1+1 </font></b></span></p><p style=""color: rgb(0, 0, 0);font-size: 14px;text-align: center;""><span style=""background-color: rgb(255, 255, 255);""><b><font size=""5"" color=""#ff0000"">ARA KAT </font></b></span></p><p style=""color: rgb(0, 0, 0);font-size: 14px;text-align: center;""><span style=""background-color: rgb(255, 255, 255);""><b><font size=""5"">50 M2 </font></b></span></p><p style=""color: rgb(0, 0, 0);font-size: 14px;text-align: center;""><span style=""background-color: rgb(255, 255, 255);""><b><font size=""5"">FULL EÞYALI</font></b></span></p><p style=""color: rgb(0, 0, 0);font-size: 14px;text-align: center;""><span style=""background-color: rgb(255, 255, 255);""><b><font size=""6"" color=""#ff0000"">1000 TL KÝRA GARANTÝLÝ</font></b></span></p><p style=""color: rgb(0, 0, 0);font-size: 14px;text-align: center;""><span style=""background-color: rgb(255, 255, 255);""><b><font size=""5"">HOCA AHMET YESEVÝ YURDU ARKASI</font></b></span></p><p style=""color: rgb(0, 0, 0);font-size: 14px;text-align: center;""><span style=""background-color: rgb(255, 255, 255);""><b><font size=""5"">TINAZTEPE KAMPÜS KARÞISI</font></b></span></p><p style=""color: rgb(0, 0, 0);font-size: 14px;text-align: center;""><b><font size=""5"">TINAZTEPE KAMPÜSÜNE,SOSYAL AKTÝVÝTE ALANLARINA</font></b></p><p style=""color: rgb(0, 0, 0);font-size: 14px;text-align: center;""><span style=""background-color: rgb(255, 255, 255);""><b><font size=""5"">TINAZTEPE HASTANESÝNE 2 DK YÜRÜME MESAFESÝNDEDÝR</font></b></span></p><p style=""color: rgb(0, 0, 0);font-size: 14px;""><br style=""color: rgb(0, 0, 0);font-size: 14px;background-color: rgb(255, 255, 255);"" /></p><div style=""color: rgb(0, 0, 0);font-size: 14px;background-color: rgb(255, 255, 255);text-align: center;""><span><font size=""5""><b>KÝRA TAKÝPLERÝNÝZ ,KREDÝ VE TAPU ÝÞLEMLERÝNÝZ PROFESYONEL EKÝBÝMÝZ TARAFINDAN YAPILMAKTADIR.</b></font></span>";Ýzmir;Buca;"Atatürk Mh."
"A24 Vizyondan Buca Belediyesi Yakýný D.gaz Kombili 90 M2. 2+1";"220.000 TL";697497020;"03 Haziran 2019";80;90;2+1;"21-25 arasý";4;4;"Doðalgaz (Kombi)";1;Var;Hayýr;;Evet;"Emlak Ofisinden";38.38851691806259,27.16289000692359;"<p><font size=""6"">KOD:413 <span style=""background-color: rgb(255, 255, 0);""><u>Buca Belediyesi yakýnýnda, çift cepheli daire. Doðalgaz kombili, çift tuvaletli, çift balkonlu, panjurlu, salon ve yatak odasý aliminyum doðrama ve panjurlu,</u></span> oturma odasý laminant parke ve pimapen ýsýcamlý, bütün odalarý güneþ görmekte olup doðu ve güney cephelidir, <u>otopark problemi olmayan bahçe nizam daire.</u> Krediye uygun. Pazarlýk vardýr. </font></p><p><font size=""6""><u>KONUM DOÐRU ÝÞARETLENMÝÞTÝR.</u> </font></p><p><font size=""6"">Diðer satýlýk dairelerimizi görmek için, <span style=""background-color: rgb(255, 255, 0);""><u>www.a24gayrimenkul.com.tr </u></span></font><br /></p>";Ýzmir;Buca;"Vali Rahmi Bey Mah."
"ÝKTÝSAT FAKÜLTESÝ YANI 1+1 TERASLI 95m2 FULL EÞYA SATILIK DAÝRE";"178.500 TL";590139316;"03 Haziran 2019";85;95;1+1;4;4;4;Klima;1;Var;Hayýr;;Evet;"Emlak Ofisinden";38.386540891327584,27.183826043305203;"<div><p style=""text-align: center;""><b><font size=""6"">DAÝREMÝZ ÝKTÝSAT FAKÜLTESÝ (DOKUZ ÇEÞMELER YERLEÞKESÝ) NÝN HEMEN ARKA SOKAÐINDA, KAMPÜS KAPISINA 150-200 METRE MESAFEDE YER ALMAKTADIR.</font></b></p><p style=""text-align: center;""><b><font size=""6"">BÝNADA HER DAÝREYE AÝT OTOPARK, ASANSÖR VE KAMERALI GÜVENLÝK SÝSTEMÝ BULUNMAKTADIR.</font></b></p><p style=""text-align: center;""><b><font size=""6"">DAÝRENÝN ÖNÜNDE BULUNAN TERAS ALANI TAMAMEN DAÝRENÝN KULLANIMINA AÝTTÝR.</font></b></p><p style=""text-align: center;""><b><font size=""6"">DÝLEDÝÐÝNÝZ TAKDÝRDE TERASIN BÝR KISMI KAPATILARAK DAÝRE 2+1 TERASLI BÝR DAÝRE HALÝNE GELÝR.</font></b></p><p style=""text-align: center;""><b><font size=""6""> YATIRIM AMACI ÝLE ALINMASI DURUMUNDA BU  1.100TL. KÝRA  GETÝRÝSÝ VARDIR.</font></b></p><p style=""text-align: center;""><b><font size=""6"">TOPLU ULAÞIMA, DOKUZ ÇEÞMELER KAMPÜSE, HASAN AÐA PARKINA, CAFE VE RESTORANLARA YÜRÜYÜÞ MESAFESÝNDEDÝR...</font></b></p>";Ýzmir;Buca;"Adatepe Mah."
"FORBES FÝLLER KARÞISI 3+1 140m2 4.KAT MASRAFSIZ SATILIK DAÝRE";"315.000 TL";600716008;"03 Haziran 2019";;140;3+1;"21-25 arasý";4;4;"Doðalgaz (Kombi)";1;Var;Hayýr;;Evet;"Emlak Ofisinden";38.388453742166476,27.15889903972129;"<div><p style=""text-align: center;""><b><font size=""5"">DAÝREMÝZ FORBES CADDESÝ FÝL HEYKELLERÝ KARÞISINDA BULUNAN TREN YOLUNA CEPHELÝDÝR.</font></b></p><p style=""text-align: center;""><b><font size=""5"">ÖN-ARKA CEPHE OLAN DAÝRENÝN ÖN CEPHESÝ KOÞUTEPESÝ YÖRÜK ALÝ EFE PARKINA, ARKA CEPHESÝ ÝSE TREN YOLU ÜZERÝNDEN FORBES CADDESÝNE VE FÝL HEYKELLERÝNE BAKMAKTADIR.</font></b></p><p style=""text-align: center;""><b><font size=""5"">ÝÇÝ BAKIMLI, MASRAFSIZ, GENÝÞ KULLANIM ALANI OLAN, GÜNEÞ GÖREN FERAH BÝR DAÝREDÝR.</font></b></p><p style=""text-align: center;""><b><font size=""5"">30 AÐUSTOS OKULUNA, FORBES CADDESÝNE, SEVGÝYOLUNA, BUCA SEYFÝ DEMÝRSOY HASTANESÝNE, BUCA BELEDÝYESÝNE, TOPLU ULAÞIMA VE ALIÞ - VERÝÞ YERLERÝNE YÜRÜYÜÞ MESAFESÝNDEDÝR...</font></b></p>";Ýzmir;Buca;"Efeler Mah."
"KENT EMLAK TAN YAYLACIK MAH 4+1 200 M2 DOÐALGAZLI";"575.000 TL";608892020;"03 Haziran 2019";195;200;4+1;4;5;5;"Doðalgaz (Kombi)";2;Var;Hayýr;;Evet;"Emlak Ofisinden";38.39159622517348,27.175085626983673;"<p><font face=""times new roman, serif"" size=""6"" color=""#ff0000"">kent emlak tan yaylacýk mah 4+1 200 m2 , doðalgazlý , asansörlü ,, ebeveyn banyolu ,, 4 cephesi açýk ,, </font></p>";Ýzmir;Buca;"Yaylacýk Mh."
"KENT EMLAK TAN FIRAT MAH 2+1 85 M2 DOÐALGAZLI SIFIR DAÝRELER";"195.000 TL";666397752;"03 Haziran 2019";80;85;2+1;;2;2;"Doðalgaz (Kombi)";2;Var;Hayýr;;Evet;"Emlak Ofisinden";38.37442058536018,27.148591003951424;"<p><font face=""times new roman, serif"" size=""6"" color=""#ff0000"">kent emlak tan ,, fýrat mah 2+1 85 m2 ,, doðalgazlý ,, ankastre ürünleri takýlý ,, ebeveyn banyolu ,, otomatik panjurlu ,, otoparklý ,, OTURMA RAPORLARI ALINMIÞ ,,, 185.000 TL DEN BAÞLAYAN  FÝYATLARLA FIRSAT DAÝRELER,,,,,   </font></p><p><font face=""times new roman, serif"" size=""6"" color=""#ff0000"">     AYRINTILI BÝLGÝ ÝÇÝN ARAYANIZ</font></p><p><font face=""times new roman, serif"" size=""6"" color=""#ff0000""><br /></font></p><p><font face=""times new roman, serif"" size=""6"" color=""#ff0000""><br /></font></p><p><font face=""times new roman, serif"" size=""6"" color=""#ff0000"">     </font></p><p><font face=""times new roman, serif"" size=""6"" color=""#ff0000"">   </font></p>";Ýzmir;Buca;"Fýrat Mh."
"KENT EMLAK TAN KOZAÐAÇ MAH 2+1 100 M2 ARA KAT DOÐALGAZLI";"305.000 TL";608923088;"03 Haziran 2019";95;100;2+1;2;3;4;"Doðalgaz (Kombi)";1;Var;Hayýr;;Evet;"Emlak Ofisinden";38.37981574885642,27.17100792198187;"<p><br /></p><p><br /></p><div style=""color: rgb(0, 0, 0);background-color: rgb(255, 255, 255);font-size: 14px;text-align: center;""><font face=""times new roman, serif""><span style=""color: rgb(255, 0, 0);font-size: x-large;"">Kozaðaç Mahallesi&apos;nde</span></font>";Ýzmir;Buca;"Kozaðaç Mh."
